,date,vix
0,2022-05-23,19
1,2022-05-20,19
2,2022-05-19,20
3,2022-05-18,18
4,2022-05-17,19
5,2022-05-16,20
6,2022-05-13,19
7,2022-05-12,22
8,2022-05-11,21
9,2022-05-10,22
10,2022-05-09,21
11,2022-05-06,20
12,2022-05-04,19
13,2022-05-03,20
14,2022-05-02,20
15,2022-04-29,18
16,2022-04-28,20
17,2022-04-27,21
18,2022-04-26,19
19,2022-04-25,21
20,2022-04-22,17
21,2022-04-21,16
22,2022-04-20,17
23,2022-04-19,17
24,2022-04-18,18
25,2022-04-15,17
26,2022-04-14,17
27,2022-04-13,17
28,2022-04-12,18
29,2022-04-11,17
30,2022-04-08,17
31,2022-04-07,17
32,2022-04-06,16
33,2022-04-05,15
34,2022-04-04,16
35,2022-04-01,17
36,2022-03-31,17
37,2022-03-30,17
38,2022-03-29,18
39,2022-03-28,19
40,2022-03-25,19
41,2022-03-24,19
42,2022-03-23,19
43,2022-03-22,21
44,2022-03-21,22
45,2022-03-18,21
46,2022-03-17,22
47,2022-03-16,23
48,2022-03-15,25
49,2022-03-14,24
50,2022-03-11,24
51,2022-03-10,25
52,2022-03-08,28
53,2022-03-07,27
54,2022-03-04,24
55,2022-03-03,22
56,2022-03-02,24
57,2022-02-28,24
58,2022-02-25,23
59,2022-02-24,27
60,2022-02-23,24
61,2022-02-22,25
62,2022-02-21,23
63,2022-02-18,23
64,2022-02-17,23
65,2022-02-16,21
66,2022-02-15,24
67,2022-02-14,23
68,2022-02-11,20
69,2022-02-10,19
70,2022-02-09,19
71,2022-02-08,21
72,2022-02-07,21
73,2022-02-04,21
74,2022-02-03,22
75,2022-01-28,23
76,2022-01-27,27
77,2022-01-26,24
78,2022-01-25,26
79,2022-01-24,21
80,2022-01-21,19
81,2022-01-20,17
82,2022-01-19,18
83,2022-01-18,18
84,2022-01-17,17
85,2022-01-14,16
86,2022-01-13,15
87,2022-01-12,15
88,2022-01-11,17
89,2022-01-10,17
90,2022-01-07,16
91,2022-01-06,17
92,2022-01-05,16
93,2022-01-04,16
94,2022-01-03,16
95,2021-12-30,16
96,2021-12-29,16
97,2021-12-28,17
98,2021-12-27,17
99,2021-12-24,16
100,2021-12-23,16
101,2021-12-22,17
102,2021-12-21,18
103,2021-12-20,19
104,2021-12-17,17
105,2021-12-16,16
106,2021-12-15,18
107,2021-12-14,18
108,2021-12-13,18
109,2021-12-10,17
110,2021-12-09,16
111,2021-12-08,17
112,2021-12-07,18
113,2021-12-06,20
114,2021-12-03,20
115,2021-12-02,21
116,2021-12-01,20
117,2021-11-30,23
118,2021-11-29,20
119,2021-11-26,18
120,2021-11-25,16
121,2021-11-24,16
122,2021-11-23,16
123,2021-11-22,16
124,2021-11-19,16
125,2021-11-18,16
126,2021-11-17,16
127,2021-11-16,15
128,2021-11-15,15
129,2021-11-12,16
130,2021-11-11,16
131,2021-11-10,18
132,2021-11-09,18
133,2021-11-08,18
134,2021-11-05,18
135,2021-11-04,17
136,2021-11-03,18
137,2021-11-02,17
138,2021-11-01,18
139,2021-10-29,18
140,2021-10-28,17
141,2021-10-27,16
142,2021-10-26,16
143,2021-10-25,17
144,2021-10-22,17
145,2021-10-21,17
146,2021-10-20,17
147,2021-10-19,17
148,2021-10-18,18
149,2021-10-15,17
150,2021-10-14,18
151,2021-10-13,20
152,2021-10-12,22
153,2021-10-08,20
154,2021-10-07,20
155,2021-10-06,21
156,2021-10-05,21
157,2021-10-01,18
158,2021-09-30,17
159,2021-09-29,17
160,2021-09-28,16
161,2021-09-27,15
162,2021-09-24,16
163,2021-09-23,16
164,2021-09-17,15
165,2021-09-16,15
166,2021-09-15,14
167,2021-09-14,14
168,2021-09-13,15
169,2021-09-10,15
170,2021-09-09,16
171,2021-09-08,14
172,2021-09-07,14
173,2021-09-06,14
174,2021-09-03,14
175,2021-09-02,15
176,2021-09-01,14
177,2021-08-31,14
178,2021-08-30,15
179,2021-08-27,16
180,2021-08-26,16
181,2021-08-25,15
182,2021-08-24,15
183,2021-08-23,17
184,2021-08-20,18
185,2021-08-19,17
186,2021-08-18,15
187,2021-08-17,16
188,2021-08-13,15
189,2021-08-12,14
190,2021-08-11,15
191,2021-08-10,14
192,2021-08-09,14
193,2021-08-06,14
194,2021-08-05,14
195,2021-08-04,14
196,2021-08-03,14
197,2021-08-02,15
198,2021-07-30,17
199,2021-07-29,15
200,2021-07-28,16
201,2021-07-27,15
202,2021-07-26,16
203,2021-07-23,14
204,2021-07-22,14
205,2021-07-21,16
206,2021-07-20,15
207,2021-07-19,15
208,2021-07-16,13
209,2021-07-15,13
210,2021-07-14,12
211,2021-07-13,12
212,2021-07-12,13
213,2021-07-09,15
214,2021-07-08,14
215,2021-07-07,13
216,2021-07-06,12
217,2021-07-05,13
218,2021-07-02,13
219,2021-07-01,14
220,2021-06-30,14
221,2021-06-29,14
222,2021-06-28,14
223,2021-06-25,14
224,2021-06-24,14
225,2021-06-23,14
226,2021-06-22,15
227,2021-06-21,16
228,2021-06-18,14
229,2021-06-17,14
230,2021-06-16,14
231,2021-06-15,14
232,2021-06-14,14
233,2021-06-11,14
234,2021-06-10,15
235,2021-06-09,16
236,2021-06-08,16
237,2021-06-07,17
238,2021-06-04,17
239,2021-06-03,17
240,2021-06-02,16
241,2021-06-01,16
242,2021-05-31,17
243,2021-05-28,17
244,2021-05-27,18
245,2021-05-26,18
246,2021-05-25,18
247,2021-05-24,20
248,2021-05-21,20
249,2021-05-20,19
250,2021-05-18,18
251,2021-05-17,19
252,2021-05-14,19
253,2021-05-13,21
254,2021-05-12,22
255,2021-05-11,20
256,2021-05-10,17
257,2021-05-07,16
258,2021-05-06,17
259,2021-05-04,16
260,2021-05-03,18
261,2021-04-30,18
262,2021-04-29,18
263,2021-04-28,18
264,2021-04-27,18
265,2021-04-26,18
266,2021-04-23,18
267,2021-04-22,17
268,2021-04-21,18
269,2021-04-20,17
270,2021-04-19,18
271,2021-04-16,17
272,2021-04-15,17
273,2021-04-14,16
274,2021-04-13,17
275,2021-04-12,16
276,2021-04-09,16
277,2021-04-08,16
278,2021-04-07,17
279,2021-04-06,18
280,2021-04-05,18
281,2021-04-02,19
282,2021-04-01,19
283,2021-03-31,20
284,2021-03-30,20
285,2021-03-29,21
286,2021-03-26,20
287,2021-03-25,21
288,2021-03-24,22
289,2021-03-23,23
290,2021-03-22,23
291,2021-03-19,23
292,2021-03-18,22
293,2021-03-17,24
294,2021-03-16,24
295,2021-03-15,25
296,2021-03-12,25
297,2021-03-11,26
298,2021-03-10,28
299,2021-03-09,29
300,2021-03-08,29
301,2021-03-05,29
302,2021-03-04,29
303,2021-03-03,28
304,2021-03-02,30
305,2021-02-26,31
306,2021-02-25,27
307,2021-02-24,28
308,2021-02-23,27
309,2021-02-22,27
310,2021-02-19,26
311,2021-02-18,26
312,2021-02-17,25
313,2021-02-16,25
314,2021-02-15,26
315,2021-02-10,26
316,2021-02-09,25
317,2021-02-08,27
318,2021-02-05,28
319,2021-02-04,32
320,2021-02-03,31
321,2021-02-02,33
322,2021-02-01,34
323,2021-01-29,35
324,2021-01-28,33
325,2021-01-27,29
326,2021-01-26,29
327,2021-01-25,28
328,2021-01-22,29
329,2021-01-21,30
330,2021-01-20,33
331,2021-01-19,34
332,2021-01-18,33
333,2021-01-15,31
334,2021-01-14,29
335,2021-01-13,32
336,2021-01-12,34
337,2021-01-11,35
338,2021-01-08,29
339,2021-01-07,26
340,2021-01-06,27
341,2021-01-05,26
342,2021-01-04,24
343,2020-12-30,22
344,2020-12-29,21
345,2020-12-28,23
346,2020-12-24,21
347,2020-12-23,21
348,2020-12-22,22
349,2020-12-21,20
350,2020-12-18,19
351,2020-12-17,19
352,2020-12-16,20
353,2020-12-15,21
354,2020-12-14,21
355,2020-12-11,19
356,2020-12-10,20
357,2020-12-09,20
358,2020-12-08,20
359,2020-12-07,21
360,2020-12-04,21
361,2020-12-03,20
362,2020-12-02,20
363,2020-12-01,20
364,2020-11-30,20
365,2020-11-27,19
366,2020-11-26,20
367,2020-11-25,20
368,2020-11-24,19
369,2020-11-23,19
370,2020-11-20,19
371,2020-11-19,19
372,2020-11-18,19
373,2020-11-17,19
374,2020-11-16,20
375,2020-11-13,19
376,2020-11-12,19
377,2020-11-11,20
378,2020-11-10,21
379,2020-11-09,21
380,2020-11-06,21
381,2020-11-05,22
382,2020-11-04,24
383,2020-11-03,26
384,2020-11-02,28
385,2020-10-30,31
386,2020-10-29,25
387,2020-10-28,23
388,2020-10-27,23
389,2020-10-26,22
390,2020-10-23,21
391,2020-10-22,22
392,2020-10-21,21
393,2020-10-20,22
394,2020-10-19,22
395,2020-10-16,22
396,2020-10-15,21
397,2020-10-14,20
398,2020-10-13,20
399,2020-10-12,20
400,2020-10-08,21
401,2020-10-07,21
402,2020-10-06,22
403,2020-10-05,23
404,2020-09-29,24
405,2020-09-28,25
406,2020-09-25,26
407,2020-09-24,27
408,2020-09-23,24
409,2020-09-22,25
410,2020-09-21,23
411,2020-09-18,21
412,2020-09-17,22
413,2020-09-16,21
414,2020-09-15,20
415,2020-09-14,21
416,2020-09-11,21
417,2020-09-10,22
418,2020-09-09,24
419,2020-09-08,23
420,2020-09-07,25
421,2020-09-04,27
422,2020-09-03,25
423,2020-09-02,26
424,2020-09-01,27
425,2020-08-31,27
426,2020-08-28,26
427,2020-08-27,27
428,2020-08-26,25
429,2020-08-25,24
430,2020-08-24,26
431,2020-08-21,26
432,2020-08-20,28
433,2020-08-19,24
434,2020-08-18,25
435,2020-08-14,22
436,2020-08-13,22
437,2020-08-12,22
438,2020-08-11,22
439,2020-08-10,22
440,2020-08-07,22
441,2020-08-06,22
442,2020-08-05,21
443,2020-08-04,22
444,2020-08-03,23
445,2020-07-31,23
446,2020-07-30,22
447,2020-07-29,23
448,2020-07-28,22
449,2020-07-27,22
450,2020-07-24,22
451,2020-07-23,21
452,2020-07-22,20
453,2020-07-21,21
454,2020-07-20,22
455,2020-07-17,22
456,2020-07-16,23
457,2020-07-15,23
458,2020-07-14,24
459,2020-07-13,23
460,2020-07-10,24
461,2020-07-09,23
462,2020-07-08,25
463,2020-07-07,24
464,2020-07-06,24
465,2020-07-03,24
466,2020-07-02,27
467,2020-07-01,29
468,2020-06-30,31
469,2020-06-29,33
470,2020-06-26,30
471,2020-06-25,33
472,2020-06-24,30
473,2020-06-23,31
474,2020-06-22,34
475,2020-06-19,34
476,2020-06-18,37
477,2020-06-17,37
478,2020-06-16,35
479,2020-06-15,39
480,2020-06-12,32
481,2020-06-11,26
482,2020-06-10,26
483,2020-06-09,26
484,2020-06-08,27
485,2020-06-05,25
486,2020-06-04,25
487,2020-06-03,25
488,2020-06-02,25
489,2020-06-01,24
490,2020-05-29,25
491,2020-05-28,25
492,2020-05-27,24
493,2020-05-26,23
494,2020-05-25,25
495,2020-05-22,27
496,2020-05-21,23
497,2020-05-20,24
498,2020-05-19,25
499,2020-05-18,27
500,2020-05-15,26
501,2020-05-14,26
502,2020-05-13,25
503,2020-05-12,27
504,2020-05-11,29
505,2020-05-08,28
506,2020-05-07,31
507,2020-05-06,31
508,2020-05-04,36
509,2020-04-29,30
510,2020-04-28,32
511,2020-04-27,35
512,2020-04-24,37
513,2020-04-23,34
514,2020-04-22,36
515,2020-04-21,36
516,2020-04-20,33
517,2020-04-17,31
518,2020-04-16,34
519,2020-04-14,36
520,2020-04-13,39
521,2020-04-10,35
522,2020-04-09,35
523,2020-04-08,40
524,2020-04-07,36
525,2020-04-06,38
526,2020-04-03,45
527,2020-04-02,47
528,2020-04-01,50
529,2020-03-31,48
530,2020-03-30,54
531,2020-03-27,54
532,2020-03-26,52
533,2020-03-25,49
534,2020-03-24,53
535,2020-03-23,62
536,2020-03-20,60
537,2020-03-19,69
538,2020-03-18,62
539,2020-03-17,64
540,2020-03-16,64
541,2020-03-13,53
542,2020-03-12,43
543,2020-03-11,37
544,2020-03-10,34
545,2020-03-09,36
546,2020-03-06,27
547,2020-03-05,23
548,2020-03-04,26
549,2020-03-03,29
550,2020-03-02,32
551,2020-02-28,33
552,2020-02-27,26
553,2020-02-26,25
554,2020-02-25,22
555,2020-02-24,23
556,2020-02-21,19
557,2020-02-20,18
558,2020-02-19,18
559,2020-02-18,18
560,2020-02-17,17
561,2020-02-14,16
562,2020-02-13,16
563,2020-02-12,16
564,2020-02-11,18
565,2020-02-10,18
566,2020-02-07,17
567,2020-02-06,17
568,2020-02-05,18
569,2020-02-04,18
570,2020-02-03,19
571,2020-01-31,19
572,2020-01-30,18
573,2020-01-29,16
574,2020-01-28,18
575,2020-01-23,15
576,2020-01-22,14
577,2020-01-21,14
578,2020-01-20,13
579,2020-01-17,13
580,2020-01-16,13
581,2020-01-15,13
582,2020-01-14,13
583,2020-01-13,13
584,2020-01-10,12
585,2020-01-09,13
586,2020-01-08,15
587,2020-01-07,15
588,2020-01-06,15
589,2020-01-03,15
590,2020-01-02,15
591,2019-12-30,14
592,2019-12-27,14
593,2019-12-26,14
594,2019-12-24,13
595,2019-12-23,13
596,2019-12-20,13
597,2019-12-19,13
598,2019-12-18,13
599,2019-12-17,13
600,2019-12-16,13
601,2019-12-13,13
602,2019-12-12,13
603,2019-12-11,13
604,2019-12-10,13
605,2019-12-09,13
606,2019-12-06,13
607,2019-12-05,14
608,2019-12-04,14
609,2019-12-03,14
610,2019-12-02,13
611,2019-11-29,13
612,2019-11-28,13
613,2019-11-27,13
614,2019-11-26,14
615,2019-11-25,13
616,2019-11-22,13
617,2019-11-21,14
618,2019-11-20,14
619,2019-11-19,13
620,2019-11-18,13
621,2019-11-15,13
622,2019-11-14,13
623,2019-11-13,13
624,2019-11-12,13
625,2019-11-11,14
626,2019-11-08,13
627,2019-11-07,13
628,2019-11-06,13
629,2019-11-05,13
630,2019-11-04,13
631,2019-11-01,13
632,2019-10-31,13
633,2019-10-30,13
634,2019-10-29,13
635,2019-10-28,13
636,2019-10-25,13
637,2019-10-24,13
638,2019-10-23,13
639,2019-10-22,13
640,2019-10-21,13
641,2019-10-18,13
642,2019-10-17,13
643,2019-10-16,13
644,2019-10-15,13
645,2019-10-14,14
646,2019-10-11,14
647,2019-10-10,15
648,2019-10-08,15
649,2019-10-07,16
650,2019-10-04,16
651,2019-10-02,15
652,2019-10-01,14
653,2019-09-30,15
654,2019-09-27,14
655,2019-09-26,15
656,2019-09-25,15
657,2019-09-24,14
658,2019-09-23,14
659,2019-09-20,14
660,2019-09-19,14
661,2019-09-18,14
662,2019-09-17,14
663,2019-09-16,14
664,2019-09-11,13
665,2019-09-10,13
666,2019-09-09,14
667,2019-09-06,14
668,2019-09-05,15
669,2019-09-04,15
670,2019-09-03,16
671,2019-09-02,16
672,2019-08-30,15
673,2019-08-29,16
674,2019-08-28,16
675,2019-08-27,16
676,2019-08-26,17
677,2019-08-23,15
678,2019-08-22,15
679,2019-08-21,15
680,2019-08-20,14
681,2019-08-19,16
682,2019-08-16,17
683,2019-08-14,16
684,2019-08-13,17
685,2019-08-12,15
686,2019-08-09,15
687,2019-08-08,16
688,2019-08-07,19
689,2019-08-06,20
690,2019-08-05,19
691,2019-08-02,16
692,2019-08-01,15
693,2019-07-31,15
694,2019-07-30,14
695,2019-07-29,15
696,2019-07-26,14
697,2019-07-25,14
698,2019-07-24,13
699,2019-07-23,13
700,2019-07-22,13
701,2019-07-19,13
702,2019-07-18,13
703,2019-07-17,13
704,2019-07-16,12
705,2019-07-15,13
706,2019-07-12,12
707,2019-07-11,13
708,2019-07-10,14
709,2019-07-09,14
710,2019-07-08,14
711,2019-07-05,13
712,2019-07-04,13
713,2019-07-03,13
714,2019-07-02,13
715,2019-07-01,14
716,2019-06-28,14
717,2019-06-27,13
718,2019-06-26,14
719,2019-06-25,14
720,2019-06-24,13
721,2019-06-21,13
722,2019-06-20,13
723,2019-06-19,14
724,2019-06-18,14
725,2019-06-17,14
726,2019-06-14,14
727,2019-06-13,14
728,2019-06-12,14
729,2019-06-11,14
730,2019-06-10,14
731,2019-06-07,15
732,2019-06-05,16
733,2019-06-04,17
734,2019-06-03,17
735,2019-05-31,17
736,2019-05-30,16
737,2019-05-29,17
738,2019-05-28,17
739,2019-05-27,17
740,2019-05-24,16
741,2019-05-23,16
742,2019-05-22,16
743,2019-05-21,15
744,2019-05-20,15
745,2019-05-17,16
746,2019-05-16,16
747,2019-05-15,16
748,2019-05-14,18
749,2019-05-13,18
750,2019-05-10,18
751,2019-05-09,18
752,2019-05-08,15
753,2019-05-07,14
754,2019-05-03,13
755,2019-05-02,13
756,2019-04-30,13
757,2019-04-29,13
758,2019-04-26,12
759,2019-04-25,12
760,2019-04-24,12
761,2019-04-23,12
762,2019-04-22,12
763,2019-04-19,12
764,2019-04-18,12
765,2019-04-17,12
766,2019-04-16,12
767,2019-04-15,12
768,2019-04-12,12
769,2019-04-11,12
770,2019-04-10,30
771,2019-04-09,12
772,2019-04-08,13
773,2019-04-05,13
774,2019-04-04,13
775,2019-04-03,13
776,2019-04-02,13
777,2019-04-01,13
778,2019-03-29,14
779,2019-03-28,14
780,2019-03-27,14
781,2019-03-26,14
782,2019-03-25,15
783,2019-03-22,13
784,2019-03-21,13
785,2019-03-20,13
786,2019-03-19,13
787,2019-03-18,13
788,2019-03-15,13
789,2019-03-14,13
790,2019-03-13,14
791,2019-03-12,14
792,2019-03-11,15
793,2019-03-08,15
794,2019-03-07,14
795,2019-03-06,14
796,2019-03-05,14
797,2019-03-04,15
798,2019-02-28,15
799,2019-02-27,14
800,2019-02-26,14
801,2019-02-25,14
802,2019-02-22,14
803,2019-02-21,14
804,2019-02-20,14
805,2019-02-19,15
806,2019-02-18,14
807,2019-02-15,14
808,2019-02-14,13
809,2019-02-13,15
810,2019-02-12,14
811,2019-02-11,14
812,2019-02-08,14
813,2019-02-07,14
814,2019-02-01,14
815,2019-01-31,15
816,2019-01-30,16
817,2019-01-29,15
818,2019-01-28,14
819,2019-01-25,14
820,2019-01-24,14
821,2019-01-23,14
822,2019-01-22,14
823,2019-01-21,14
824,2019-01-18,14
825,2019-01-17,14
826,2019-01-16,14
827,2019-01-15,15
828,2019-01-14,14
829,2019-01-11,14
830,2019-01-10,15
831,2019-01-09,15
832,2019-01-08,16
833,2019-01-07,16
834,2019-01-04,17
835,2019-01-03,19
836,2019-01-02,19
837,2018-12-28,18
838,2018-12-27,19
839,2018-12-26,21
840,2018-12-24,19
841,2018-12-21,18
842,2018-12-20,18
843,2018-12-19,17
844,2018-12-18,17
845,2018-12-17,17
846,2018-12-14,17
847,2018-12-13,15
848,2018-12-12,17
849,2018-12-11,18
850,2018-12-10,19
851,2018-12-07,18
852,2018-12-06,18
853,2018-12-05,17
854,2018-12-04,16
855,2018-12-03,16
856,2018-11-30,18
857,2018-11-29,17
858,2018-11-28,17
859,2018-11-27,17
860,2018-11-26,17
861,2018-11-23,18
862,2018-11-22,18
863,2018-11-21,18
864,2018-11-20,18
865,2018-11-19,17
866,2018-11-16,18
867,2018-11-15,18
868,2018-11-14,18
869,2018-11-13,18
870,2018-11-12,16
871,2018-11-09,15
872,2018-11-08,16
873,2018-11-07,19
874,2018-11-06,19
875,2018-11-05,19
876,2018-11-02,18
877,2018-11-01,19
878,2018-10-31,20
879,2018-10-30,21
880,2018-10-29,23
881,2018-10-26,22
882,2018-10-25,20
883,2018-10-24,18
884,2018-10-23,19
885,2018-10-22,16
886,2018-10-19,15
887,2018-10-18,16
888,2018-10-17,16
889,2018-10-16,18
890,2018-10-15,18
891,2018-10-12,17
892,2018-10-11,19
893,2018-10-10,14
894,2018-10-08,14
895,2018-10-05,13
896,2018-10-04,12
897,2018-10-02,11
898,2018-10-01,11
899,2018-09-28,11
900,2018-09-27,11
901,2018-09-21,11
902,2018-09-20,10
903,2018-09-19,11
904,2018-09-18,11
905,2018-09-17,11
906,2018-09-14,10
907,2018-09-13,11
908,2018-09-12,12
909,2018-09-11,12
910,2018-09-10,12
911,2018-09-07,12
912,2018-09-06,12
913,2018-09-05,12
914,2018-09-04,11
915,2018-09-03,11
916,2018-08-31,11
917,2018-08-30,11
918,2018-08-29,11
919,2018-08-28,11
920,2018-08-27,11
921,2018-08-24,11
922,2018-08-23,12
923,2018-08-22,12
924,2018-08-21,12
925,2018-08-20,13
926,2018-08-17,13
927,2018-08-16,14
928,2018-08-14,13
929,2018-08-13,14
930,2018-08-10,12
931,2018-08-09,11
932,2018-08-08,12
933,2018-08-07,12
934,2018-08-06,12
935,2018-08-03,12
936,2018-08-02,13
937,2018-08-01,12
938,2018-07-31,13
939,2018-07-30,13
940,2018-07-27,12
941,2018-07-26,13
942,2018-07-25,13
943,2018-07-24,14
944,2018-07-23,14
945,2018-07-20,13
946,2018-07-19,14
947,2018-07-18,14
948,2018-07-17,13
949,2018-07-16,13
950,2018-07-13,13
951,2018-07-12,14
952,2018-07-11,14
953,2018-07-10,13
954,2018-07-09,14
955,2018-07-06,16
956,2018-07-05,17
957,2018-07-04,17
958,2018-07-03,17
959,2018-07-02,18
960,2018-06-29,16
961,2018-06-28,16
962,2018-06-27,16
963,2018-06-26,15
964,2018-06-25,15
965,2018-06-22,15
966,2018-06-21,15
967,2018-06-20,15
968,2018-06-19,16
969,2018-06-18,15
970,2018-06-15,13
971,2018-06-14,13
972,2018-06-12,12
973,2018-06-11,13
974,2018-06-08,12
975,2018-06-07,12
976,2018-06-05,12
977,2018-06-04,12
978,2018-06-01,13
979,2018-05-31,14
980,2018-05-30,15
981,2018-05-29,12
982,2018-05-28,12
983,2018-05-25,12
984,2018-05-24,12
985,2018-05-23,12
986,2018-05-21,12
987,2018-05-18,12
988,2018-05-17,13
989,2018-05-16,12
990,2018-05-15,12
991,2018-05-14,11
992,2018-05-11,11
993,2018-05-10,11
994,2018-05-09,12
995,2018-05-08,13
996,2018-05-04,13
997,2018-05-03,13
998,2018-05-02,13
999,2018-04-30,13
1000,2018-04-27,14
1001,2018-04-26,14
1002,2018-04-25,14
1003,2018-04-24,14
1004,2018-04-23,13
1005,2018-04-20,12
1006,2018-04-19,12
1007,2018-04-18,12
1008,2018-04-17,13
1009,2018-04-16,13
1010,2018-04-13,13
1011,2018-04-12,15
1012,2018-04-11,15
1013,2018-04-10,15
1014,2018-04-09,16
1015,2018-04-06,17
1016,2018-04-05,17
1017,2018-04-04,18
1018,2018-04-03,18
1019,2018-04-02,18
1020,2018-03-30,17
1021,2018-03-29,18
1022,2018-03-28,19
1023,2018-03-27,18
1024,2018-03-26,19
1025,2018-03-23,20
1026,2018-03-22,16
1027,2018-03-21,16
1028,2018-03-20,16
1029,2018-03-19,16
1030,2018-03-16,15
1031,2018-03-15,15
1032,2018-03-14,15
1033,2018-03-13,15
1034,2018-03-12,15
1035,2018-03-09,14
1036,2018-03-08,15
1037,2018-03-07,17
1038,2018-03-06,16
1039,2018-03-05,18
1040,2018-03-02,17
1041,2018-02-28,15
1042,2018-02-27,14
1043,2018-02-26,15
1044,2018-02-23,15
1045,2018-02-22,16
1046,2018-02-21,16
1047,2018-02-20,17
1048,2018-02-19,16
1049,2018-02-14,18
1050,2018-02-13,20
1051,2018-02-12,21
1052,2018-02-09,23
1053,2018-02-08,18
1054,2018-02-07,23
1055,2018-02-06,22
1056,2018-02-05,16
1057,2018-02-02,14
1058,2018-02-01,13
1059,2018-01-31,14
1060,2018-01-30,14
1061,2018-01-29,13
1062,2018-01-26,12
1063,2018-01-25,12
1064,2018-01-24,12
1065,2018-01-23,12
1066,2018-01-22,13
1067,2018-01-19,12
1068,2018-01-18,12
1069,2018-01-17,12
1070,2018-01-16,11
1071,2018-01-15,11
1072,2018-01-12,11
1073,2018-01-11,11
1074,2018-01-10,12
1075,2018-01-09,12
1076,2018-01-08,12
1077,2018-01-05,11
1078,2018-01-04,12
1079,2018-01-03,12
1080,2018-01-02,12
1081,2017-12-28,12
1082,2017-12-27,12
1083,2017-12-26,12
1084,2017-12-22,11
1085,2017-12-21,12
1086,2017-12-20,11
1087,2017-12-19,11
1088,2017-12-18,11
1089,2017-12-15,11
1090,2017-12-14,11
1091,2017-12-13,11
1092,2017-12-12,12
1093,2017-12-11,12
1094,2017-12-08,13
1095,2017-12-07,13
1096,2017-12-06,13
1097,2017-12-05,12
1098,2017-12-04,13
1099,2017-12-01,13
1100,2017-11-30,13
1101,2017-11-29,12
1102,2017-11-28,12
1103,2017-11-27,12
1104,2017-11-24,11
1105,2017-11-23,11
1106,2017-11-22,11
1107,2017-11-21,11
1108,2017-11-20,11
1109,2017-11-17,11
1110,2017-11-16,11
1111,2017-11-15,12
1112,2017-11-14,11
1113,2017-11-13,11
1114,2017-11-10,11
1115,2017-11-09,11
1116,2017-11-08,13
1117,2017-11-07,13
1118,2017-11-06,13
1119,2017-11-03,13
1120,2017-11-02,12
1121,2017-11-01,12
1122,2017-10-31,12
1123,2017-10-30,12
1124,2017-10-27,12
1125,2017-10-26,12
1126,2017-10-25,12
1127,2017-10-24,12
1128,2017-10-23,12
1129,2017-10-20,11
1130,2017-10-19,12
1131,2017-10-18,12
1132,2017-10-17,12
1133,2017-10-16,11
1134,2017-10-13,11
1135,2017-10-12,12
1136,2017-10-11,13
1137,2017-10-10,13
1138,2017-09-29,13
1139,2017-09-28,12
1140,2017-09-27,12
1141,2017-09-26,12
1142,2017-09-25,12
1143,2017-09-22,12
1144,2017-09-21,11
1145,2017-09-20,11
1146,2017-09-19,11
1147,2017-09-18,11
1148,2017-09-15,11
1149,2017-09-14,11
1150,2017-09-13,13
1151,2017-09-12,13
1152,2017-09-11,13
1153,2017-09-08,14
1154,2017-09-07,14
1155,2017-09-06,16
1156,2017-09-05,16
1157,2017-09-04,15
1158,2017-09-01,13
1159,2017-08-31,13
1160,2017-08-30,12
1161,2017-08-29,13
1162,2017-08-28,13
1163,2017-08-25,12
1164,2017-08-24,12
1165,2017-08-23,12
1166,2017-08-22,12
1167,2017-08-21,13
1168,2017-08-18,13
1169,2017-08-17,12
1170,2017-08-16,14
1171,2017-08-14,16
1172,2017-08-11,18
1173,2017-08-10,16
1174,2017-08-09,15
1175,2017-08-08,12
1176,2017-08-07,12
1177,2017-08-04,12
1178,2017-08-03,13
1179,2017-08-02,11
1180,2017-08-01,11
1181,2017-07-31,12
1182,2017-07-28,12
1183,2017-07-27,10
1184,2017-07-26,10
1185,2017-07-25,10
1186,2017-07-24,10
1187,2017-07-21,9
1188,2017-07-20,10
1189,2017-07-19,10
1190,2017-07-18,10
1191,2017-07-17,10
1192,2017-07-14,10
1193,2017-07-13,10
1194,2017-07-12,11
1195,2017-07-11,12
1196,2017-07-10,12
1197,2017-07-07,12
1198,2017-07-06,12
1199,2017-07-05,13
1200,2017-07-04,14
1201,2017-07-03,12
1202,2017-06-30,12
1203,2017-06-29,11
1204,2017-06-28,11
1205,2017-06-27,11
1206,2017-06-26,11
1207,2017-06-23,11
1208,2017-06-22,11
1209,2017-06-21,11
1210,2017-06-20,11
1211,2017-06-19,11
1212,2017-06-16,11
1213,2017-06-15,11
1214,2017-06-14,11
1215,2017-06-13,11
1216,2017-06-12,12
1217,2017-06-09,11
1218,2017-06-08,12
1219,2017-06-07,12
1220,2017-06-05,12
1221,2017-06-02,12
1222,2017-06-01,12
1223,2017-05-31,13
1224,2017-05-30,13
1225,2017-05-29,14
1226,2017-05-26,13
1227,2017-05-25,13
1228,2017-05-24,12
1229,2017-05-23,12
1230,2017-05-22,12
1231,2017-05-19,12
1232,2017-05-18,13
1233,2017-05-17,12
1234,2017-05-16,12
1235,2017-05-15,12
1236,2017-05-12,12
1237,2017-05-11,14
1238,2017-05-10,16
1239,2017-05-08,15
1240,2017-05-04,13
1241,2017-05-02,13
1242,2017-04-28,12
1243,2017-04-27,11
1244,2017-04-26,12
1245,2017-04-25,12
1246,2017-04-24,12
1247,2017-04-21,12
1248,2017-04-20,13
1249,2017-04-19,14
1250,2017-04-18,15
1251,2017-04-17,15
1252,2017-04-14,16
1253,2017-04-13,14
1254,2017-04-12,15
1255,2017-04-11,16
1256,2017-04-10,14
1257,2017-04-07,12
1258,2017-04-06,11
1259,2017-04-05,11
1260,2017-04-04,10
1261,2017-04-03,11
1262,2017-03-31,11
1263,2017-03-30,11
1264,2017-03-29,11
1265,2017-03-28,12
1266,2017-03-27,12
1267,2017-03-24,12
1268,2017-03-23,12
1269,2017-03-22,13
1270,2017-03-21,12
1271,2017-03-20,11
1272,2017-03-17,11
1273,2017-03-16,11
1274,2017-03-15,11
1275,2017-03-14,11
1276,2017-03-13,10
1277,2017-03-10,10
1278,2017-03-09,11
1279,2017-03-08,11
1280,2017-03-07,11
1281,2017-03-06,11
1282,2017-03-03,10
1283,2017-03-02,10
1284,2017-02-28,10
1285,2017-02-27,10
1286,2017-02-24,10
1287,2017-02-23,9
1288,2017-02-22,9
1289,2017-02-21,10
1290,2017-02-20,10
1291,2017-02-17,10
1292,2017-02-16,10
1293,2017-02-15,10
1294,2017-02-14,10
1295,2017-02-13,10
1296,2017-02-10,10
1297,2017-02-09,10
1298,2017-02-08,11
1299,2017-02-07,11
1300,2017-02-06,11
1301,2017-02-03,11
1302,2017-02-02,12
1303,2017-02-01,12
1304,2017-01-31,12
1305,2017-01-26,11
1306,2017-01-25,12
1307,2017-01-24,12
1308,2017-01-23,12
1309,2017-01-20,12
1310,2017-01-19,12
1311,2017-01-18,12
1312,2017-01-17,11
1313,2017-01-16,11
1314,2017-01-13,10
1315,2017-01-12,12
1316,2017-01-11,11
1317,2017-01-10,10
1318,2017-01-09,11
1319,2017-01-06,11
1320,2017-01-05,11
1321,2017-01-04,10
1322,2017-01-03,11
1323,2017-01-02,11
1324,2016-12-29,11
1325,2016-12-28,11
1326,2016-12-27,11
1327,2016-12-26,11
1328,2016-12-23,11
1329,2016-12-22,11
1330,2016-12-21,11
1331,2016-12-20,11
1332,2016-12-19,11
1333,2016-12-16,10
1334,2016-12-15,11
1335,2016-12-14,11
1336,2016-12-13,11
1337,2016-12-12,11
1338,2016-12-09,11
1339,2016-12-08,11
1340,2016-12-07,11
1341,2016-12-06,12
1342,2016-12-05,13
1343,2016-12-02,13
1344,2016-12-01,12
1345,2016-11-30,12
1346,2016-11-29,12
1347,2016-11-28,12
1348,2016-11-25,12
1349,2016-11-24,12
1350,2016-11-23,12
1351,2016-11-22,12
1352,2016-11-21,13
1353,2016-11-18,13
1354,2016-11-17,14
1355,2016-11-16,14
1356,2016-11-15,16
1357,2016-11-14,16
1358,2016-11-11,15
1359,2016-11-10,14
1360,2016-11-09,19
1361,2016-11-08,16
1362,2016-11-07,17
1363,2016-11-04,18
1364,2016-11-03,16
1365,2016-11-02,17
1366,2016-11-01,14
1367,2016-10-31,14
1368,2016-10-28,13
1369,2016-10-27,13
1370,2016-10-26,13
1371,2016-10-25,12
1372,2016-10-24,12
1373,2016-10-21,13
1374,2016-10-20,13
1375,2016-10-19,13
1376,2016-10-18,13
1377,2016-10-17,14
1378,2016-10-14,14
1379,2016-10-13,15
1380,2016-10-12,14
1381,2016-10-11,15
1382,2016-10-10,14
1383,2016-10-07,14
1384,2016-10-06,13
1385,2016-10-05,13
1386,2016-10-04,13
1387,2016-09-30,14
1388,2016-09-29,12
1389,2016-09-28,12
1390,2016-09-27,12
1391,2016-09-26,12
1392,2016-09-23,11
1393,2016-09-22,12
1394,2016-09-21,14
1395,2016-09-20,13
1396,2016-09-19,14
1397,2016-09-13,15
1398,2016-09-12,16
1399,2016-09-09,11
1400,2016-09-08,11
1401,2016-09-07,11
1402,2016-09-06,10
1403,2016-09-05,11
1404,2016-09-02,11
1405,2016-09-01,11
1406,2016-08-31,11
1407,2016-08-30,11
1408,2016-08-29,11
1409,2016-08-26,12
1410,2016-08-25,11
1411,2016-08-24,12
1412,2016-08-23,11
1413,2016-08-22,12
1414,2016-08-19,11
1415,2016-08-18,11
1416,2016-08-17,11
1417,2016-08-16,11
1418,2016-08-12,11
1419,2016-08-11,11
1420,2016-08-10,11
1421,2016-08-09,11
1422,2016-08-08,12
1423,2016-08-05,12
1424,2016-08-04,12
1425,2016-08-03,13
1426,2016-08-02,12
1427,2016-08-01,12
1428,2016-07-29,12
1429,2016-07-28,12
1430,2016-07-27,12
1431,2016-07-26,12
1432,2016-07-25,13
1433,2016-07-22,12
1434,2016-07-21,12
1435,2016-07-20,13
1436,2016-07-19,13
1437,2016-07-18,13
1438,2016-07-15,13
1439,2016-07-14,13
1440,2016-07-13,14
1441,2016-07-12,14
1442,2016-07-11,14
1443,2016-07-08,14
1444,2016-07-07,13
1445,2016-07-06,14
1446,2016-07-05,12
1447,2016-07-04,12
1448,2016-07-01,12
1449,2016-06-30,13
1450,2016-06-29,14
1451,2016-06-28,17
1452,2016-06-27,19
1453,2016-06-24,22
1454,2016-06-23,18
1455,2016-06-22,16
1456,2016-06-21,16
1457,2016-06-20,16
1458,2016-06-17,17
1459,2016-06-16,17
1460,2016-06-15,16
1461,2016-06-14,16
1462,2016-06-13,15
1463,2016-06-10,11
1464,2016-06-09,12
1465,2016-06-08,12
1466,2016-06-07,12
1467,2016-06-03,11
1468,2016-06-02,11
1469,2016-06-01,11
1470,2016-05-31,11
1471,2016-05-30,11
1472,2016-05-27,11
1473,2016-05-26,11
1474,2016-05-25,11
1475,2016-05-24,12
1476,2016-05-23,12
1477,2016-05-20,12
1478,2016-05-19,12
1479,2016-05-18,11
1480,2016-05-17,11
1481,2016-05-16,11
1482,2016-05-13,11
1483,2016-05-12,12
1484,2016-05-11,12
1485,2016-05-10,12
1486,2016-05-09,13
1487,2016-05-04,12
1488,2016-05-03,12
1489,2016-05-02,12
1490,2016-04-29,12
1491,2016-04-28,12
1492,2016-04-27,12
1493,2016-04-26,12
1494,2016-04-25,12
1495,2016-04-22,12
1496,2016-04-21,12
1497,2016-04-20,12
1498,2016-04-19,12
1499,2016-04-18,12
1500,2016-04-15,12
1501,2016-04-14,12
1502,2016-04-12,12
1503,2016-04-11,13
1504,2016-04-08,13
1505,2016-04-07,13
1506,2016-04-06,13
1507,2016-04-05,13
1508,2016-04-04,13
1509,2016-04-01,13
1510,2016-03-31,12
1511,2016-03-30,11
1512,2016-03-29,12
1513,2016-03-28,12
1514,2016-03-25,12
1515,2016-03-24,12
1516,2016-03-23,12
1517,2016-03-22,12
1518,2016-03-21,13
1519,2016-03-18,12
1520,2016-03-17,13
1521,2016-03-16,14
1522,2016-03-15,13
1523,2016-03-14,13
1524,2016-03-11,13
1525,2016-03-10,13
1526,2016-03-09,14
1527,2016-03-08,14
1528,2016-03-07,13
1529,2016-03-04,14
1530,2016-03-03,14
1531,2016-03-02,15
1532,2016-02-29,17
1533,2016-02-26,16
1534,2016-02-25,16
1535,2016-02-24,17
1536,2016-02-23,16
1537,2016-02-22,16
1538,2016-02-19,17
1539,2016-02-18,17
1540,2016-02-17,18
1541,2016-02-16,19
1542,2016-02-15,21
1543,2016-02-12,23
1544,2016-02-11,22
1545,2016-02-05,18
1546,2016-02-04,16
1547,2016-02-03,18
1548,2016-02-02,17
1549,2016-02-01,17
1550,2016-01-29,17
1551,2016-01-28,18
1552,2016-01-27,19
1553,2016-01-26,20
1554,2016-01-25,19
1555,2016-01-22,20
1556,2016-01-21,24
1557,2016-01-20,24
1558,2016-01-19,20
1559,2016-01-18,21
1560,2016-01-15,20
1561,2016-01-14,19
1562,2016-01-13,18
1563,2016-01-12,20
1564,2016-01-11,20
1565,2016-01-08,17
1566,2016-01-07,19
1567,2016-01-06,16
1568,2016-01-05,15
1569,2016-01-04,16
1570,2015-12-30,14
1571,2015-12-29,13
1572,2015-12-28,14
1573,2015-12-24,13
1574,2015-12-23,13
1575,2015-12-22,14
1576,2015-12-21,15
1577,2015-12-18,14
1578,2015-12-17,14
1579,2015-12-16,16
1580,2015-12-15,17
1581,2015-12-14,17
1582,2015-12-11,15
1583,2015-12-10,15
1584,2015-12-09,15
1585,2015-12-08,15
1586,2015-12-07,15
1587,2015-12-04,15
1588,2015-12-03,14
1589,2015-12-02,13
1590,2015-12-01,13
1591,2015-11-30,14
1592,2015-11-27,12
1593,2015-11-26,12
1594,2015-11-25,12
1595,2015-11-24,12
1596,2015-11-23,13
1597,2015-11-20,13
1598,2015-11-19,13
1599,2015-11-18,14
1600,2015-11-17,14
1601,2015-11-16,16
1602,2015-11-13,14
1603,2015-11-12,14
1604,2015-11-11,14
1605,2015-11-10,15
1606,2015-11-09,14
1607,2015-11-06,13
1608,2015-11-05,13
1609,2015-11-04,13
1610,2015-11-03,13
1611,2015-11-02,14
1612,2015-10-30,14
1613,2015-10-29,14
1614,2015-10-28,14
1615,2015-10-27,14
1616,2015-10-26,14
1617,2015-10-23,13
1618,2015-10-22,14
1619,2015-10-21,14
1620,2015-10-20,15
1621,2015-10-19,16
1622,2015-10-16,15
1623,2015-10-15,15
1624,2015-10-14,16
1625,2015-10-13,15
1626,2015-10-12,16
1627,2015-10-08,15
1628,2015-10-07,15
1629,2015-10-06,17
1630,2015-10-05,17
1631,2015-10-02,18
1632,2015-10-01,18
1633,2015-09-30,20
1634,2015-09-25,19
1635,2015-09-24,19
1636,2015-09-23,19
1637,2015-09-22,18
1638,2015-09-21,19
1639,2015-09-18,17
1640,2015-09-17,20
1641,2015-09-16,21
1642,2015-09-15,22
1643,2015-09-14,21
1644,2015-09-11,19
1645,2015-09-10,20
1646,2015-09-09,18
1647,2015-09-08,21
1648,2015-09-07,24
1649,2015-09-04,22
1650,2015-09-03,20
1651,2015-09-02,22
1652,2015-09-01,22
1653,2015-08-31,19
1654,2015-08-28,18
1655,2015-08-27,20
1656,2015-08-26,22
1657,2015-08-25,28
1658,2015-08-24,28
1659,2015-08-21,18
1660,2015-08-20,14
1661,2015-08-19,14
1662,2015-08-18,14
1663,2015-08-17,14
1664,2015-08-13,13
1665,2015-08-12,14
1666,2015-08-11,13
1667,2015-08-10,13
1668,2015-08-07,13
1669,2015-08-06,13
1670,2015-08-05,12
1671,2015-08-04,13
1672,2015-08-03,14
1673,2015-07-31,13
1674,2015-07-30,13
1675,2015-07-29,13
1676,2015-07-28,14
1677,2015-07-27,13
1678,2015-07-24,13
1679,2015-07-23,13
1680,2015-07-22,13
1681,2015-07-21,13
1682,2015-07-20,13
1683,2015-07-17,12
1684,2015-07-16,12
1685,2015-07-15,13
1686,2015-07-14,14
1687,2015-07-13,14
1688,2015-07-10,15
1689,2015-07-09,14
1690,2015-07-08,15
1691,2015-07-07,14
1692,2015-07-06,15
1693,2015-07-03,13
1694,2015-07-02,13
1695,2015-07-01,13
1696,2015-06-30,14
1697,2015-06-29,14
1698,2015-06-26,12
1699,2015-06-25,12
1700,2015-06-24,12
1701,2015-06-23,13
1702,2015-06-22,14
1703,2015-06-19,13
1704,2015-06-18,14
1705,2015-06-17,14
1706,2015-06-16,14
1707,2015-06-15,13
1708,2015-06-12,13
1709,2015-06-11,13
1710,2015-06-10,15
1711,2015-06-09,15
1712,2015-06-08,15
1713,2015-06-05,14
1714,2015-06-04,14
1715,2015-06-03,13
1716,2015-06-02,13
1717,2015-06-01,13
1718,2015-05-29,12
1719,2015-05-28,12
1720,2015-05-27,13
1721,2015-05-26,12
1722,2015-05-22,11
1723,2015-05-21,11
1724,2015-05-20,11
1725,2015-05-19,11
1726,2015-05-18,11
1727,2015-05-15,12
1728,2015-05-14,12
1729,2015-05-13,13
1730,2015-05-12,12
1731,2015-05-11,12
1732,2015-05-08,12
1733,2015-05-07,12
1734,2015-05-06,12
1735,2015-05-04,12
1736,2015-04-30,11
1737,2015-04-29,12
1738,2015-04-28,12
1739,2015-04-27,13
1740,2015-04-24,13
1741,2015-04-23,13
1742,2015-04-22,12
1743,2015-04-21,12
1744,2015-04-20,12
1745,2015-04-17,12
1746,2015-04-16,12
1747,2015-04-15,11
1748,2015-04-14,12
1749,2015-04-13,12
1750,2015-04-10,11
1751,2015-04-09,11
1752,2015-04-08,11
1753,2015-04-07,10
1754,2015-04-06,10
1755,2015-04-03,11
1756,2015-04-02,11
1757,2015-04-01,11
1758,2015-03-31,11
1759,2015-03-30,11
1760,2015-03-27,11
1761,2015-03-26,11
1762,2015-03-25,11
1763,2015-03-24,11
1764,2015-03-23,11
1765,2015-03-20,11
1766,2015-03-19,11
1767,2015-03-18,12
1768,2015-03-17,11
1769,2015-03-16,11
1770,2015-03-13,11
1771,2015-03-12,12
1772,2015-03-11,12
1773,2015-03-10,11
1774,2015-03-09,11
1775,2015-03-06,10
1776,2015-03-05,10
1777,2015-03-04,10
1778,2015-03-03,10
1779,2015-03-02,11
1780,2015-02-27,11
1781,2015-02-26,11
1782,2015-02-25,11
1783,2015-02-24,11
1784,2015-02-23,11
1785,2015-02-17,11
1786,2015-02-16,11
1787,2015-02-13,11
1788,2015-02-12,12
1789,2015-02-11,12
1790,2015-02-10,13
1791,2015-02-09,12
1792,2015-02-06,13
1793,2015-02-05,13
1794,2015-02-04,13
1795,2015-02-03,13
1796,2015-02-02,14
1797,2015-01-30,13
1798,2015-01-29,13
1799,2015-01-28,13
1800,2015-01-27,13
1801,2015-01-26,13
1802,2015-01-23,13
1803,2015-01-22,13
1804,2015-01-21,13
1805,2015-01-20,13
1806,2015-01-19,14
1807,2015-01-16,14
1808,2015-01-15,13
1809,2015-01-14,13
1810,2015-01-13,13
1811,2015-01-12,13
1812,2015-01-09,12
1813,2015-01-08,13
1814,2015-01-07,13
1815,2015-01-06,13
1816,2015-01-05,12
1817,2015-01-02,12
1818,2014-12-30,12
1819,2014-12-29,12
1820,2014-12-26,12
1821,2014-12-24,12
1822,2014-12-23,12
1823,2014-12-22,12
1824,2014-12-19,13
1825,2014-12-18,15
1826,2014-12-17,15
1827,2014-12-16,14
1828,2014-12-15,13
1829,2014-12-12,13
1830,2014-12-11,14
1831,2014-12-10,13
1832,2014-12-09,12
1833,2014-12-08,12
1834,2014-12-05,12
1835,2014-12-04,12
1836,2014-12-03,11
1837,2014-12-02,11
1838,2014-12-01,12
1839,2014-11-28,11
1840,2014-11-27,11
1841,2014-11-26,12
1842,2014-11-25,12
1843,2014-11-24,12
1844,2014-11-21,12
1845,2014-11-20,12
1846,2014-11-19,13
1847,2014-11-18,13
1848,2014-11-17,13
1849,2014-11-14,13
1850,2014-11-13,14
1851,2014-11-12,13
1852,2014-11-11,13
1853,2014-11-10,13
1854,2014-11-07,14
1855,2014-11-06,14
1856,2014-11-05,14
1857,2014-11-04,14
1858,2014-11-03,14
1859,2014-10-31,13
1860,2014-10-30,13
1861,2014-10-29,13
1862,2014-10-28,14
1863,2014-10-27,14
1864,2014-10-24,14
1865,2014-10-23,14
1866,2014-10-22,14
1867,2014-10-21,15
1868,2014-10-20,16
1869,2014-10-17,18
1870,2014-10-16,17
1871,2014-10-15,15
1872,2014-10-14,16
1873,2014-10-13,15
1874,2014-10-10,15
1875,2014-10-08,13
1876,2014-10-07,12
1877,2014-10-06,13
1878,2014-10-02,14
1879,2014-10-01,13
1880,2014-09-30,12
1881,2014-09-29,12
1882,2014-09-26,12
1883,2014-09-25,12
1884,2014-09-24,12
1885,2014-09-23,12
1886,2014-09-22,12
1887,2014-09-19,11
1888,2014-09-18,12
1889,2014-09-17,12
1890,2014-09-16,12
1891,2014-09-15,11
1892,2014-09-12,11
1893,2014-09-11,11
1894,2014-09-05,11
1895,2014-09-04,11
1896,2014-09-03,11
1897,2014-09-02,11
1898,2014-09-01,11
1899,2014-08-29,10
1900,2014-08-28,10
1901,2014-08-27,10
1902,2014-08-26,10
1903,2014-08-25,11
1904,2014-08-22,11
1905,2014-08-21,12
1906,2014-08-20,11
1907,2014-08-19,11
1908,2014-08-18,12
1909,2014-08-14,12
1910,2014-08-13,12
1911,2014-08-12,12
1912,2014-08-11,12
1913,2014-08-08,12
1914,2014-08-07,11
1915,2014-08-06,12
1916,2014-08-05,12
1917,2014-08-04,13
1918,2014-08-01,13
1919,2014-07-31,12
1920,2014-07-30,13
1921,2014-07-29,12
1922,2014-07-28,11
1923,2014-07-25,10
1924,2014-07-24,10
1925,2014-07-23,10
1926,2014-07-22,10
1927,2014-07-21,10
1928,2014-07-18,10
1929,2014-07-17,10
1930,2014-07-16,10
1931,2014-07-15,10
1932,2014-07-14,10
1933,2014-07-11,11
1934,2014-07-10,11
1935,2014-07-09,10
1936,2014-07-08,10
1937,2014-07-07,10
1938,2014-07-04,10
1939,2014-07-03,10
1940,2014-07-02,10
1941,2014-07-01,11
1942,2014-06-30,11
1943,2014-06-27,11
1944,2014-06-26,10
1945,2014-06-25,10
1946,2014-06-24,10
1947,2014-06-23,11
1948,2014-06-20,11
1949,2014-06-19,10
1950,2014-06-18,11
1951,2014-06-17,11
1952,2014-06-16,11
1953,2014-06-13,12
1954,2014-06-12,11
1955,2014-06-11,11
1956,2014-06-10,11
1957,2014-06-09,11
1958,2014-06-05,11
1959,2014-06-03,10
1960,2014-06-02,10
1961,2014-05-30,10
1962,2014-05-29,10
1963,2014-05-28,10
1964,2014-05-27,11
1965,2014-05-26,11
1966,2014-05-23,11
1967,2014-05-22,11
1968,2014-05-21,11
1969,2014-05-20,11
1970,2014-05-19,11
1971,2014-05-16,11
1972,2014-05-15,11
1973,2014-05-14,11
1974,2014-05-13,10
1975,2014-05-12,10
1976,2014-05-09,10
1977,2014-05-08,11
1978,2014-05-07,12
1979,2014-05-02,10
1980,2014-04-30,11
1981,2014-04-29,11
1982,2014-04-28,12
1983,2014-04-25,12
1984,2014-04-24,12
1985,2014-04-23,11
1986,2014-04-22,11
1987,2014-04-21,11
1988,2014-04-18,11
1989,2014-04-17,12
1990,2014-04-16,12
1991,2014-04-15,12
1992,2014-04-14,12
1993,2014-04-11,12
1994,2014-04-10,12
1995,2014-04-09,12
1996,2014-04-08,12
1997,2014-04-07,12
1998,2014-04-04,12
1999,2014-04-03,13
2000,2014-04-02,13
2001,2014-04-01,13
2002,2014-03-31,13
2003,2014-03-28,13
2004,2014-03-27,12
2005,2014-03-26,12
2006,2014-03-25,12
2007,2014-03-24,12
2008,2014-03-21,12
2009,2014-03-20,13
2010,2014-03-19,13
2011,2014-03-18,13
2012,2014-03-17,14
2013,2014-03-14,14
2014,2014-03-13,13
2015,2014-03-12,14
2016,2014-03-11,13
2017,2014-03-10,13
2018,2014-03-07,13
2019,2014-03-06,13
2020,2014-03-05,13
2021,2014-03-04,14
2022,2014-03-03,14
2023,2014-02-28,13
2024,2014-02-27,13
2025,2014-02-26,13
2026,2014-02-25,13
2027,2014-02-24,14
2028,2014-02-21,14
2029,2014-02-20,14
2030,2014-02-19,14
2031,2014-02-18,14
2032,2014-02-17,14
2033,2014-02-14,14
2034,2014-02-13,14
2035,2014-02-12,14
2036,2014-02-11,14
2037,2014-02-10,15
2038,2014-02-07,15
2039,2014-02-06,16
2040,2014-02-05,17
2041,2014-02-04,17
2042,2014-02-03,15
2043,2014-01-29,14
2044,2014-01-28,14
2045,2014-01-27,15
2046,2014-01-24,13
2047,2014-01-23,13
2048,2014-01-22,12
2049,2014-01-21,12
2050,2014-01-20,13
2051,2014-01-17,13
2052,2014-01-16,12
2053,2014-01-15,13
2054,2014-01-14,13
2055,2014-01-13,13
2056,2014-01-10,13
2057,2014-01-09,13
2058,2014-01-08,13
2059,2014-01-07,13
2060,2014-01-06,14
2061,2014-01-03,14
2062,2014-01-02,13
2063,2013-12-30,12
2064,2013-12-27,12
2065,2013-12-26,12
2066,2013-12-24,12
2067,2013-12-23,13
2068,2013-12-20,13
2069,2013-12-19,14
2070,2013-12-18,15
2071,2013-12-17,14
2072,2013-12-16,15
2073,2013-12-13,14
2074,2013-12-12,15
2075,2013-12-11,14
2076,2013-12-10,14
2077,2013-12-09,14
2078,2013-12-06,14
2079,2013-12-05,14
2080,2013-12-04,14
2081,2013-12-03,14
2082,2013-12-02,14
2083,2013-11-29,14
2084,2013-11-28,14
2085,2013-11-27,14
2086,2013-11-26,14
2087,2013-11-25,14
2088,2013-11-22,14
2089,2013-11-21,15
2090,2013-11-20,14
2091,2013-11-19,13
2092,2013-11-18,13
2093,2013-11-15,13
2094,2013-11-14,14
2095,2013-11-13,14
2096,2013-11-12,13
2097,2013-11-11,13
2098,2013-11-08,13
2099,2013-11-07,13
2100,2013-11-06,13
2101,2013-11-05,13
2102,2013-11-04,14
2103,2013-11-01,13
2104,2013-10-31,14
2105,2013-10-30,13
2106,2013-10-29,13
2107,2013-10-28,13
2108,2013-10-25,13
2109,2013-10-24,13
2110,2013-10-23,14
2111,2013-10-22,13
2112,2013-10-21,13
2113,2013-10-18,13
2114,2013-10-17,14
2115,2013-10-16,14
2116,2013-10-15,13
2117,2013-10-14,14
2118,2013-10-11,13
2119,2013-10-10,15
2120,2013-10-08,15
2121,2013-10-07,15
2122,2013-10-04,15
2123,2013-10-02,14
2124,2013-10-01,15
2125,2013-09-30,15
2126,2013-09-27,14
2127,2013-09-26,14
2128,2013-09-25,15
2129,2013-09-24,15
2130,2013-09-23,15
2131,2013-09-17,16
2132,2013-09-16,15
2133,2013-09-13,15
2134,2013-09-12,15
2135,2013-09-11,15
2136,2013-09-10,15
2137,2013-09-09,16
2138,2013-09-06,15
2139,2013-09-05,16
2140,2013-09-04,16
2141,2013-09-03,16
2142,2013-09-02,16
2143,2013-08-30,15
2144,2013-08-29,15
2145,2013-08-28,15
2146,2013-08-27,15
2147,2013-08-26,14
2148,2013-08-23,15
2149,2013-08-22,16
2150,2013-08-21,16
2151,2013-08-20,15
2152,2013-08-19,14
2153,2013-08-16,14
2154,2013-08-14,13
2155,2013-08-13,14
2156,2013-08-12,14
2157,2013-08-09,14
2158,2013-08-08,14
2159,2013-08-07,15
2160,2013-08-06,14
